ticker,provider,field,value,units,as_of,error,latency_ms,fetched_at,raw_response_id
2222.SR,yahoo,current_price,27.78,SAR,,,3349.8,2026-05-12T09:36:16.920488+00:00,yahoo/2222_SR/current_price_20260512T093620.json
2222.SR,yahoo,historical_prices,"{""n_bars"": 251, ""first"": ""2025-05-12"", ""last"": ""2026-05-12""}",SAR,2026-05-12,,123.1,2026-05-12T09:36:20.270894+00:00,yahoo/2222_SR/historical_prices_20260512T093620.json
2222.SR,yahoo,market_cap,6720187793408.0,SAR,,,0.2,2026-05-12T09:36:20.394134+00:00,yahoo/2222_SR/market_cap_20260512T093620.json
2222.SR,yahoo,company_profile,"{""name"": ""Saudi Arabian Oil Co."", ""sector"": ""Energy"", ""industry"": ""Oil & Gas Integrated"", ""country"": ""Saudi Arabia"", ""currency"": ""SAR"", ""summary"": ""Saudi Arabian Oil Company operates as an integrated energy and chemical company in the Kingdom of Saudi Arabia and internationally. The company operates through two segments, Upstream and Downstream. The Upstream segment explores, develops, produces, and sells crude oil, condensate, natural gas, and natural gas liquids (NGLs). The Downstream segment produces various chemicals, such as aromatics, olefins, and polyolefins; polyols, isocyanates, and synthetic rubber; methanol, MTBE, glycols, linear"", ""website"": ""https://www.aramco.com""}",,,,0.2,2026-05-12T09:36:20.394423+00:00,yahoo/2222_SR/company_profile_20260512T093620.json
2222.SR,yahoo,income_statement_annual,"{""n_periods"": 5, ""fields_present"": [""Tax Provision"", ""period_end"", ""Net Income From Continuing And Discontinued Operation"", ""Interest Income Non Operating"", ""Interest Income"", ""Write Off"", ""Total Other Finance Cost"", ""Total Expenses"", ""Interest Expense"", ""Basic EPS""]}",SAR,2025-12-31 00:00:00,,280.4,2026-05-12T09:36:20.394694+00:00,yahoo/2222_SR/income_statement_annual_20260512T093620.json
2222.SR,yahoo,income_statement_quarterly,"{""n_periods"": 5, ""fields_present"": [""Tax Provision"", ""period_end"", ""Net Income From Continuing And Discontinued Operation"", ""Interest Income Non Operating"", ""Interest Income"", ""Total Expenses"", ""Interest Expense"", ""Basic EPS"", ""Net Interest Income"", ""EBITDA""]}",SAR,2025-12-31 00:00:00,,315.9,2026-05-12T09:36:20.675204+00:00,yahoo/2222_SR/income_statement_quarterly_20260512T093620.json
2222.SR,yahoo,balance_sheet,"{""n_periods"": 5, ""fields_present"": [""Defined Pension Benefit"", ""Non Current Pension And Other Postretirement Benefit Plans"", ""Total Equity Gross Minority Interest"", ""Assets Held For Sale Current"", ""Other Receivables"", ""Other Payable"", ""Prepaid Assets"", ""Finished Goods"", ""Total Tax Payable"", ""Allowance For Doubtful Accounts Receivable""]}",SAR,2025-12-31 00:00:00,,360.0,2026-05-12T09:36:20.991281+00:00,yahoo/2222_SR/balance_sheet_20260512T093621.json
2222.SR,yahoo,cash_flow,"{""n_periods"": 5, ""fields_present"": [""Operating Cash Flow"", ""Net Income From Continuing Operations"", ""period_end"", ""Changes In Cash"", ""Taxes Refund Paid"", ""End Cash Position"", ""Common Stock Payments"", ""Capital Expenditure Reported"", ""Cash Dividends Paid"", ""Interest Received Cfi""]}",SAR,2025-12-31 00:00:00,,313.3,2026-05-12T09:36:21.351451+00:00,yahoo/2222_SR/cash_flow_20260512T093621.json
2222.SR,yahoo,valuation_historical,"{""trailing_pe"": 19.291666, ""forward_pe"": 16.634731, ""price_to_book"": 4.503891, ""ev_to_ebitda"": 8.143, ""ev_to_revenue"": 4.075}",ratio,,,0.3,2026-05-12T09:36:21.664909+00:00,yahoo/2222_SR/valuation_historical_20260512T093621.json
2222.SR,yahoo,dividend_yield,491.0,%,,,0.2,2026-05-12T09:36:21.665278+00:00,yahoo/2222_SR/dividend_yield_20260512T093621.json
2222.SR,yahoo,valuation_forward,"{""forward_pe"": 16.634731, ""forward_eps"": 1.67, ""price_to_sales"": 3.9326298}",ratio,,,0.2,2026-05-12T09:36:21.665560+00:00,yahoo/2222_SR/valuation_forward_20260512T093621.json
2222.SR,yahoo,target_price,"{""mean"": 29.60106, ""median"": 29.1, ""high"": 35.0, ""low"": 26.5, ""n_analysts"": 18}",SAR,,,0.2,2026-05-12T09:36:21.665839+00:00,yahoo/2222_SR/target_price_20260512T093621.json
2222.SR,yahoo,rating_split,"{""consensus"": ""buy"", ""n_analysts"": 18}",,,,0.2,2026-05-12T09:36:21.666123+00:00,yahoo/2222_SR/rating_split_20260512T093621.json
2222.SR,marketscreener,current_price,27.64,SAR,,,1060.6,2026-05-12T09:36:21.666438+00:00,marketscreener/2222_SR/current_price_20260512T093622.json
2222.SR,marketscreener,historical_prices,,,,not_implemented,0.0,2026-05-12T09:36:22.727097+00:00,
2222.SR,marketscreener,market_cap,6686321.0,M,,,296.1,2026-05-12T09:36:22.727148+00:00,marketscreener/2222_SR/market_cap_20260512T093623.json
2222.SR,marketscreener,company_profile,"{""name"": ""Saudi Arabian Oil Company"", ""sector"": ""Energy"", ""industry"": ""Oil & Gas Integrated"", ""country"": ""Saudi Arabia"", ""currency"": ""SAR"", ""summary"": """"}",,,,342.9,2026-05-12T09:36:23.023329+00:00,marketscreener/2222_SR/company_profile_20260512T093623.json
2222.SR,marketscreener,income_statement_annual,"{""n_periods"": 8, ""periods"": [""FY2021"", ""FY2022"", ""FY2023"", ""FY2024"", ""FY2025"", ""FY2026"", ""FY2027"", ""FY2028""], ""metrics_present"": [""net_sales"", ""ebitda"", ""ebit"", ""ebt"", ""interest_paid"", ""net_income""]}",SAR,FY2028,,393.8,2026-05-12T09:36:23.366337+00:00,marketscreener/2222_SR/income_statement_annual_20260512T093623.json
2222.SR,marketscreener,income_statement_quarterly,"{""n_periods"": 28, ""periods"": [""2026Q2"", ""2026Q3"", ""2026Q4"", ""2027Q1"", ""2027Q2"", ""2027Q3"", ""2027Q4"", ""2028Q1""], ""metrics_present"": [""net_sales"", ""ebitda"", ""ebit"", ""net_income""]}",SAR,2028Q1,,374.2,2026-05-12T09:36:23.760289+00:00,marketscreener/2222_SR/income_statement_quarterly_20260512T093624.json
2222.SR,marketscreener,balance_sheet,,,,not_implemented,0.0,2026-05-12T09:36:24.134562+00:00,
2222.SR,marketscreener,cash_flow,,,,not_implemented,0.0,2026-05-12T09:36:24.134724+00:00,
2222.SR,marketscreener,valuation_historical,"{""periods"": [""FY2021"", ""FY2022"", ""FY2023"", ""FY2024"", ""FY2025"", ""FY2026"", ""FY2027"", ""FY2028""], ""pe"": [18.1, 11.8, 17.6, 17.2, 16.5, 14.5, 15.2, 15.1], ""pbr"": [6.43, 4.87, 5.2, 4.65, 3.86, 4.12, 4.03, 3.78], ""ev_ebitda"": [8.56, 5.62, 8.17, 7.83, 7.29, 6.44, 7.18, 6.94], ""yield_pct"": [3.91, 4.08, 5.14, 6.33, 5.56, 5.6, 5.44, 5.63]}",ratio,FY2028,,185.4,2026-05-12T09:36:24.134768+00:00,marketscreener/2222_SR/valuation_historical_20260512T093624.json
2222.SR,marketscreener,dividend_yield,5.63,%,,,264.1,2026-05-12T09:36:24.320414+00:00,marketscreener/2222_SR/dividend_yield_20260512T093624.json
2222.SR,marketscreener,valuation_forward,"{""pe_2026"": 15.2, ""pe_2027"": null, ""ev_sales_2026"": null, ""yield_2026"": null}",ratio,,,571.3,2026-05-12T09:36:24.584578+00:00,marketscreener/2222_SR/valuation_forward_20260512T093625.json
2222.SR,marketscreener,target_price,"{""mean"": 29.6, ""high"": 35.0, ""low"": 26.5, ""n_analysts"": 18}",SAR,,,362.7,2026-05-12T09:36:25.155995+00:00,marketscreener/2222_SR/target_price_20260512T093625.json
2222.SR,marketscreener,rating_split,"{""consensus"": ""OUTPERFORM""}",,,,394.1,2026-05-12T09:36:25.518829+00:00,marketscreener/2222_SR/rating_split_20260512T093625.json
2222.SR,macro,current_price,,,,not_implemented,0.0,2026-05-12T09:36:25.913024+00:00,
2222.SR,macro,historical_prices,,,,not_implemented,0.0,2026-05-12T09:36:25.913074+00:00,
2222.SR,macro,market_cap,,,,not_implemented,0.0,2026-05-12T09:36:25.913116+00:00,
2222.SR,macro,company_profile,"{""country_iso3"": ""SAU"", ""gdp_growth_pct"": 1.99650173436159, ""inflation_pct"": null, ""population"": null, ""fx_lcu_per_usd"": 3.75, ""macro_year"": ""2024""}",macro,2024,,30538.8,2026-05-12T09:36:25.913154+00:00,macro/2222_SR/company_profile_20260512T093656.json
2222.SR,macro,income_statement_annual,,,,not_implemented,0.0,2026-05-12T09:36:56.454107+00:00,
2222.SR,macro,income_statement_quarterly,,,,not_implemented,0.0,2026-05-12T09:36:56.456762+00:00,
2222.SR,macro,balance_sheet,,,,not_implemented,0.0,2026-05-12T09:36:56.457076+00:00,
2222.SR,macro,cash_flow,,,,not_implemented,0.0,2026-05-12T09:36:56.457645+00:00,
2222.SR,macro,valuation_historical,,,,not_implemented,0.0,2026-05-12T09:36:56.457887+00:00,
2222.SR,macro,dividend_yield,,,,not_implemented,0.0,2026-05-12T09:36:56.458605+00:00,
2222.SR,macro,valuation_forward,,,,not_implemented,0.0,2026-05-12T09:36:56.458791+00:00,
2222.SR,macro,target_price,,,,not_implemented,0.0,2026-05-12T09:36:56.459094+00:00,
2222.SR,macro,rating_split,,,,not_implemented,0.0,2026-05-12T09:36:56.459268+00:00,
ADNOCDRILL.AE,yahoo,current_price,,,,ValueError: no price in info,722.4,2026-05-12T09:36:56.459419+00:00,
ADNOCDRILL.AE,yahoo,historical_prices,,,,ValueError: no historical bars,555.3,2026-05-12T09:36:57.182307+00:00,
ADNOCDRILL.AE,yahoo,market_cap,,,,ValueError: no marketCap,0.4,2026-05-12T09:36:57.738155+00:00,
ADNOCDRILL.AE,yahoo,company_profile,,,,ValueError: info empty — Yahoo has no profile for this ticker,0.3,2026-05-12T09:36:57.738725+00:00,
ADNOCDRILL.AE,yahoo,income_statement_annual,,,,ValueError: no annual income statement,252.6,2026-05-12T09:36:57.739099+00:00,
ADNOCDRILL.AE,yahoo,income_statement_quarterly,,,,ValueError: no quarterly income statement,249.6,2026-05-12T09:36:57.992201+00:00,
ADNOCDRILL.AE,yahoo,balance_sheet,,,,ValueError: no balance sheet,273.7,2026-05-12T09:36:58.242108+00:00,
ADNOCDRILL.AE,yahoo,cash_flow,,,,ValueError: no cash flow,291.8,2026-05-12T09:36:58.516294+00:00,
ADNOCDRILL.AE,yahoo,valuation_historical,,,,ValueError: no valuation ratios in info,0.5,2026-05-12T09:36:58.808725+00:00,
ADNOCDRILL.AE,yahoo,dividend_yield,,,,ValueError: no dividend yield,0.5,2026-05-12T09:36:58.809391+00:00,
ADNOCDRILL.AE,yahoo,valuation_forward,,,,ValueError: no forward valuation fields,0.2,2026-05-12T09:36:58.810019+00:00,
ADNOCDRILL.AE,yahoo,target_price,,,,ValueError: no targetMeanPrice,0.4,2026-05-12T09:36:58.810335+00:00,
ADNOCDRILL.AE,yahoo,rating_split,,,,ValueError: no recommendationKey,0.5,2026-05-12T09:36:58.810930+00:00,
ADNOCDRILL.AE,marketscreener,current_price,1.71,USD,,,2313.7,2026-05-12T09:36:58.811585+00:00,marketscreener/ADNOCDRILL_AE/current_price_20260512T093701.json
ADNOCDRILL.AE,marketscreener,historical_prices,,,,not_implemented,0.0,2026-05-12T09:37:01.125410+00:00,
ADNOCDRILL.AE,marketscreener,market_cap,27340.0,M,,,430.5,2026-05-12T09:37:01.125471+00:00,marketscreener/ADNOCDRILL_AE/market_cap_20260512T093701.json
ADNOCDRILL.AE,marketscreener,company_profile,"{""name"": ""ADNOC Drilling Company P.J.S.C."", ""sector"": ""Energy"", ""industry"": ""Oil & Gas Drilling"", ""country"": ""UAE"", ""currency"": ""USD"", ""summary"": """"}",,,,397.0,2026-05-12T09:37:01.556082+00:00,marketscreener/ADNOCDRILL_AE/company_profile_20260512T093701.json
ADNOCDRILL.AE,marketscreener,income_statement_annual,"{""n_periods"": 8, ""periods"": [""FY2021"", ""FY2022"", ""FY2023"", ""FY2024"", ""FY2025"", ""FY2026"", ""FY2027"", ""FY2028""], ""metrics_present"": [""net_sales"", ""ebitda"", ""ebit"", ""ebt"", ""interest_paid"", ""net_income""]}",,FY2028,,463.6,2026-05-12T09:37:01.953223+00:00,marketscreener/ADNOCDRILL_AE/income_statement_annual_20260512T093702.json
ADNOCDRILL.AE,marketscreener,income_statement_quarterly,"{""n_periods"": 26, ""periods"": [""2026Q1"", ""2026Q2"", ""2026Q3"", ""2026Q4"", ""2027Q1"", ""2027Q2"", ""2027Q3"", ""2027Q4""], ""metrics_present"": [""net_sales"", ""ebitda"", ""ebit"", ""net_income""]}",,2027Q4,,453.7,2026-05-12T09:37:02.416891+00:00,marketscreener/ADNOCDRILL_AE/income_statement_quarterly_20260512T093702.json
ADNOCDRILL.AE,marketscreener,balance_sheet,,,,not_implemented,0.0,2026-05-12T09:37:02.870680+00:00,
ADNOCDRILL.AE,marketscreener,cash_flow,,,,not_implemented,0.0,2026-05-12T09:37:02.870742+00:00,
ADNOCDRILL.AE,marketscreener,valuation_historical,"{""periods"": [""FY2021"", ""FY2022"", ""FY2023"", ""FY2024"", ""FY2025"", ""FY2026"", ""FY2027"", ""FY2028""], ""pe"": [24.4, 16.2, 15.8, 17.9, 16.0, 19.0, 17.0, 15.0], ""pbr"": [5.3, 4.43, 5.04, 6.09, 5.66, 5.99, 5.5, 4.99], ""ev_ebitda"": [15.2, 11.5, 12.3, 12.8, 11.5, 13.1, 12.0, 11.0], ""yield_pct"": [2.16, null, 16.0, 3.39, 4.01, 3.84, 4.21, 4.51]}",ratio,FY2028,,392.0,2026-05-12T09:37:02.870794+00:00,marketscreener/ADNOCDRILL_AE/valuation_historical_20260512T093703.json
ADNOCDRILL.AE,marketscreener,dividend_yield,4.51,%,,,351.7,2026-05-12T09:37:03.263096+00:00,marketscreener/ADNOCDRILL_AE/dividend_yield_20260512T093703.json
ADNOCDRILL.AE,marketscreener,valuation_forward,,,,ValueError: forward valuation fields all None,431.1,2026-05-12T09:37:03.614908+00:00,
ADNOCDRILL.AE,marketscreener,target_price,"{""mean"": 1.762, ""high"": 1.96, ""low"": 1.527, ""n_analysts"": 16}",USD,,,343.4,2026-05-12T09:37:04.046096+00:00,marketscreener/ADNOCDRILL_AE/target_price_20260512T093704.json
ADNOCDRILL.AE,marketscreener,rating_split,"{""consensus"": ""BUY""}",,,,242.8,2026-05-12T09:37:04.389632+00:00,marketscreener/ADNOCDRILL_AE/rating_split_20260512T093704.json
ADNOCDRILL.AE,macro,current_price,,,,not_implemented,0.0,2026-05-12T09:37:04.632498+00:00,
ADNOCDRILL.AE,macro,historical_prices,,,,not_implemented,0.0,2026-05-12T09:37:04.632551+00:00,
ADNOCDRILL.AE,macro,market_cap,,,,not_implemented,0.0,2026-05-12T09:37:04.632596+00:00,
ADNOCDRILL.AE,macro,company_profile,"{""country_iso3"": ""ARE"", ""gdp_growth_pct"": null, ""inflation_pct"": 1.66336510224894, ""population"": 10986400, ""fx_lcu_per_usd"": null, ""macro_year"": null}",macro,,,11742.7,2026-05-12T09:37:04.632631+00:00,macro/ADNOCDRILL_AE/company_profile_20260512T093716.json
ADNOCDRILL.AE,macro,income_statement_annual,,,,not_implemented,0.0,2026-05-12T09:37:16.376187+00:00,
ADNOCDRILL.AE,macro,income_statement_quarterly,,,,not_implemented,0.0,2026-05-12T09:37:16.376623+00:00,
ADNOCDRILL.AE,macro,balance_sheet,,,,not_implemented,0.0,2026-05-12T09:37:16.377008+00:00,
ADNOCDRILL.AE,macro,cash_flow,,,,not_implemented,0.0,2026-05-12T09:37:16.377337+00:00,
ADNOCDRILL.AE,macro,valuation_historical,,,,not_implemented,0.0,2026-05-12T09:37:16.377613+00:00,
ADNOCDRILL.AE,macro,dividend_yield,,,,not_implemented,0.0,2026-05-12T09:37:16.377847+00:00,
ADNOCDRILL.AE,macro,valuation_forward,,,,not_implemented,0.0,2026-05-12T09:37:16.378043+00:00,
ADNOCDRILL.AE,macro,target_price,,,,not_implemented,0.0,2026-05-12T09:37:16.378242+00:00,
ADNOCDRILL.AE,macro,rating_split,,,,not_implemented,0.0,2026-05-12T09:37:16.378452+00:00,
ADCB.AE,yahoo,current_price,,,,ValueError: no price in info,737.9,2026-05-12T09:37:16.378680+00:00,
ADCB.AE,yahoo,historical_prices,,,,ValueError: no historical bars,599.6,2026-05-12T09:37:17.117210+00:00,
ADCB.AE,yahoo,market_cap,,,,ValueError: no marketCap,0.8,2026-05-12T09:37:17.717638+00:00,
ADCB.AE,yahoo,company_profile,,,,ValueError: info empty — Yahoo has no profile for this ticker,0.6,2026-05-12T09:37:17.718879+00:00,
ADCB.AE,yahoo,income_statement_annual,,,,ValueError: no annual income statement,283.3,2026-05-12T09:37:17.719773+00:00,
ADCB.AE,yahoo,income_statement_quarterly,,,,ValueError: no quarterly income statement,320.5,2026-05-12T09:37:18.003781+00:00,
ADCB.AE,yahoo,balance_sheet,,,,ValueError: no balance sheet,465.9,2026-05-12T09:37:18.325065+00:00,
ADCB.AE,yahoo,cash_flow,,,,ValueError: no cash flow,292.5,2026-05-12T09:37:18.791774+00:00,
ADCB.AE,yahoo,valuation_historical,,,,ValueError: no valuation ratios in info,0.9,2026-05-12T09:37:19.085481+00:00,
ADCB.AE,yahoo,dividend_yield,,,,ValueError: no dividend yield,0.6,2026-05-12T09:37:19.086797+00:00,
ADCB.AE,yahoo,valuation_forward,,,,ValueError: no forward valuation fields,0.6,2026-05-12T09:37:19.087696+00:00,
ADCB.AE,yahoo,target_price,,,,ValueError: no targetMeanPrice,0.5,2026-05-12T09:37:19.088596+00:00,
ADCB.AE,yahoo,rating_split,,,,ValueError: no recommendationKey,0.5,2026-05-12T09:37:19.089420+00:00,
ADCB.AE,marketscreener,current_price,7.9,AED,,,558.6,2026-05-12T09:37:19.090298+00:00,marketscreener/ADCB_AE/current_price_20260512T093719.json
ADCB.AE,marketscreener,historical_prices,,,,not_implemented,0.0,2026-05-12T09:37:19.649021+00:00,
ADCB.AE,marketscreener,market_cap,62115.0,M,,,372.6,2026-05-12T09:37:19.649213+00:00,marketscreener/ADCB_AE/market_cap_20260512T093720.json
ADCB.AE,marketscreener,company_profile,"{""name"": ""Abu Dhabi Commercial Bank P.J.S.C."", ""sector"": ""Financials"", ""industry"": ""Banks"", ""country"": ""UAE"", ""currency"": ""AED"", ""summary"": """"}",,,,472.9,2026-05-12T09:37:20.021917+00:00,marketscreener/ADCB_AE/company_profile_20260512T093720.json
ADCB.AE,marketscreener,income_statement_annual,"{""n_periods"": 8, ""periods"": [""FY2021"", ""FY2022"", ""FY2023"", ""FY2024"", ""FY2025"", ""FY2026"", ""FY2027"", ""FY2028""], ""metrics_present"": [""net_sales"", ""ebitda"", ""ebit"", ""ebt"", ""interest_paid"", ""net_income""]}",,FY2028,,371.1,2026-05-12T09:37:20.494926+00:00,marketscreener/ADCB_AE/income_statement_annual_20260512T093720.json
ADCB.AE,marketscreener,income_statement_quarterly,"{""n_periods"": 28, ""periods"": [""2026Q2"", ""2026Q3"", ""2026Q4"", ""2027Q1"", ""2027Q2"", ""2027Q3"", ""2027Q4"", ""2028Q1""], ""metrics_present"": [""net_sales"", ""ebitda"", ""ebit"", ""net_income""]}",,2028Q1,,351.1,2026-05-12T09:37:20.866114+00:00,marketscreener/ADCB_AE/income_statement_quarterly_20260512T093721.json
ADCB.AE,marketscreener,balance_sheet,,,,not_implemented,0.0,2026-05-12T09:37:21.217289+00:00,
ADCB.AE,marketscreener,cash_flow,,,,not_implemented,0.0,2026-05-12T09:37:21.217345+00:00,
ADCB.AE,marketscreener,valuation_historical,"{""periods"": [""FY2021"", ""FY2022"", ""FY2023"", ""FY2024"", ""FY2025"", ""FY2026"", ""FY2027"", ""FY2028""], ""pe"": [13.5, 12.0, 11.0, 11.0, 9.11, 6.62, 6.22, 5.78], ""pbr"": [1.17, 1.15, 1.28, 1.64, 1.61, 1.3, 1.04, 0.86], ""ev_ebitda"": [10.4, 8.89, 8.32, 9.05, 7.33, 5.24, 4.25, 3.49], ""yield_pct"": [3.76, 3.61, 3.18, 2.41, 2.36, 2.91, 3.23, 3.56]}",ratio,FY2028,,362.7,2026-05-12T09:37:21.217388+00:00,marketscreener/ADCB_AE/valuation_historical_20260512T093721.json
ADCB.AE,marketscreener,dividend_yield,3.56,%,,,480.8,2026-05-12T09:37:21.580204+00:00,marketscreener/ADCB_AE/dividend_yield_20260512T093722.json
ADCB.AE,marketscreener,valuation_forward,,,,ValueError: forward valuation fields all None,399.8,2026-05-12T09:37:22.061106+00:00,
ADCB.AE,marketscreener,target_price,"{""mean"": 11.32, ""high"": 14.0, ""low"": 8.58, ""n_analysts"": 11}",AED,,,357.7,2026-05-12T09:37:22.461036+00:00,marketscreener/ADCB_AE/target_price_20260512T093722.json
ADCB.AE,marketscreener,rating_split,"{""consensus"": ""BUY""}",,,,265.3,2026-05-12T09:37:22.818861+00:00,marketscreener/ADCB_AE/rating_split_20260512T093723.json
ADCB.AE,macro,current_price,,,,not_implemented,0.0,2026-05-12T09:37:23.084264+00:00,
ADCB.AE,macro,historical_prices,,,,not_implemented,0.0,2026-05-12T09:37:23.084316+00:00,
ADCB.AE,macro,market_cap,,,,not_implemented,0.0,2026-05-12T09:37:23.084373+00:00,
ADCB.AE,macro,company_profile,"{""country_iso3"": ""ARE"", ""gdp_growth_pct"": null, ""inflation_pct"": 1.66336510224894, ""population"": 10986400, ""fx_lcu_per_usd"": null, ""macro_year"": null}",macro,,,0.9,2026-05-12T09:37:23.084420+00:00,macro/ADCB_AE/company_profile_20260512T093723.json
ADCB.AE,macro,income_statement_annual,,,,not_implemented,0.0,2026-05-12T09:37:23.085386+00:00,
ADCB.AE,macro,income_statement_quarterly,,,,not_implemented,0.0,2026-05-12T09:37:23.085430+00:00,
ADCB.AE,macro,balance_sheet,,,,not_implemented,0.0,2026-05-12T09:37:23.085487+00:00,
ADCB.AE,macro,cash_flow,,,,not_implemented,0.0,2026-05-12T09:37:23.085533+00:00,
ADCB.AE,macro,valuation_historical,,,,not_implemented,0.0,2026-05-12T09:37:23.085578+00:00,
ADCB.AE,macro,dividend_yield,,,,not_implemented,0.0,2026-05-12T09:37:23.085621+00:00,
ADCB.AE,macro,valuation_forward,,,,not_implemented,0.0,2026-05-12T09:37:23.085661+00:00,
ADCB.AE,macro,target_price,,,,not_implemented,0.0,2026-05-12T09:37:23.085699+00:00,
ADCB.AE,macro,rating_split,,,,not_implemented,0.0,2026-05-12T09:37:23.085738+00:00,
BKMB.OM,yahoo,current_price,,,,ValueError: no price in info,807.6,2026-05-12T09:37:23.085779+00:00,
BKMB.OM,yahoo,historical_prices,,,,ValueError: no historical bars,729.5,2026-05-12T09:37:23.893968+00:00,
BKMB.OM,yahoo,market_cap,,,,ValueError: no marketCap,0.5,2026-05-12T09:37:24.624221+00:00,
BKMB.OM,yahoo,company_profile,,,,ValueError: info empty — Yahoo has no profile for this ticker,0.4,2026-05-12T09:37:24.624987+00:00,
BKMB.OM,yahoo,income_statement_annual,,,,ValueError: no annual income statement,235.7,2026-05-12T09:37:24.626054+00:00,
BKMB.OM,yahoo,income_statement_quarterly,,,,ValueError: no quarterly income statement,279.7,2026-05-12T09:37:24.862157+00:00,
BKMB.OM,yahoo,balance_sheet,,,,ValueError: no balance sheet,517.5,2026-05-12T09:37:25.142279+00:00,
BKMB.OM,yahoo,cash_flow,,,,ValueError: no cash flow,282.7,2026-05-12T09:37:25.660178+00:00,
BKMB.OM,yahoo,valuation_historical,,,,ValueError: no valuation ratios in info,0.6,2026-05-12T09:37:25.943339+00:00,
BKMB.OM,yahoo,dividend_yield,,,,ValueError: no dividend yield,0.4,2026-05-12T09:37:25.944121+00:00,
BKMB.OM,yahoo,valuation_forward,,,,ValueError: no forward valuation fields,0.3,2026-05-12T09:37:25.944625+00:00,
BKMB.OM,yahoo,target_price,,,,ValueError: no targetMeanPrice,0.2,2026-05-12T09:37:25.945026+00:00,
BKMB.OM,yahoo,rating_split,,,,ValueError: no recommendationKey,0.3,2026-05-12T09:37:25.945485+00:00,
BKMB.OM,marketscreener,current_price,0.453,OMR,,,426.7,2026-05-12T09:37:25.945928+00:00,marketscreener/BKMB_OM/current_price_20260512T093726.json
BKMB.OM,marketscreener,historical_prices,,,,not_implemented,0.0,2026-05-12T09:37:26.372686+00:00,
BKMB.OM,marketscreener,market_cap,3400.0,M,,,440.8,2026-05-12T09:37:26.372731+00:00,marketscreener/BKMB_OM/market_cap_20260512T093726.json
BKMB.OM,marketscreener,company_profile,"{""name"": ""Bank Muscat"", ""sector"": ""Financials"", ""industry"": ""Banks"", ""country"": ""Oman"", ""currency"": ""OMR"", ""summary"": """"}",,,,401.2,2026-05-12T09:37:26.813619+00:00,marketscreener/BKMB_OM/company_profile_20260512T093727.json
BKMB.OM,marketscreener,income_statement_annual,"{""n_periods"": 8, ""periods"": [""FY2021"", ""FY2022"", ""FY2023"", ""FY2024"", ""FY2025"", ""FY2026"", ""FY2027"", ""FY2028""], ""metrics_present"": [""net_sales"", ""ebit"", ""ebt"", ""net_income""]}",,FY2028,,281.1,2026-05-12T09:37:27.214936+00:00,marketscreener/BKMB_OM/income_statement_annual_20260512T093727.json
BKMB.OM,marketscreener,income_statement_quarterly,"{""n_periods"": 20, ""periods"": [""2024Q2"", ""2024Q3"", ""2024Q4"", ""2025Q1"", ""2025Q2"", ""2025Q3"", ""2025Q4"", ""2026Q1""], ""metrics_present"": [""net_sales"", ""ebit"", ""net_income""]}",,2026Q1,,484.2,2026-05-12T09:37:27.496129+00:00,marketscreener/BKMB_OM/income_statement_quarterly_20260512T093727.json
BKMB.OM,marketscreener,balance_sheet,,,,not_implemented,0.0,2026-05-12T09:37:27.980367+00:00,
BKMB.OM,marketscreener,cash_flow,,,,not_implemented,0.0,2026-05-12T09:37:27.980410+00:00,
BKMB.OM,marketscreener,valuation_historical,"{""periods"": [""FY2021"", ""FY2022"", ""FY2023"", ""FY2024"", ""FY2025"", ""FY2026"", ""FY2027"", ""FY2028""], ""pe"": [9.49, 10.6, 10.6, 9.33, 10.7, 13.5, 12.9, 12.4], ""pbr"": [0.86, 1.2, 1.15, 0.76, null, 1.55, 1.48, 1.42], ""ev_ebitda"": [null, null, null, null, null, null, null, null], ""yield_pct"": [6.2, 5.45, 5.87, 6.55, 5.41, 4.42, 4.64, 4.75]}",ratio,FY2028,,404.4,2026-05-12T09:37:27.980446+00:00,marketscreener/BKMB_OM/valuation_historical_20260512T093728.json
BKMB.OM,marketscreener,dividend_yield,4.75,%,,,317.7,2026-05-12T09:37:28.384985+00:00,marketscreener/BKMB_OM/dividend_yield_20260512T093728.json
BKMB.OM,marketscreener,valuation_forward,,,,ValueError: forward valuation fields all None,422.1,2026-05-12T09:37:28.702711+00:00,
BKMB.OM,marketscreener,target_price,"{""mean"": 0.475, ""high"": 0.52, ""low"": 0.39, ""n_analysts"": 3}",OMR,,,1646.7,2026-05-12T09:37:29.124920+00:00,marketscreener/BKMB_OM/target_price_20260512T093730.json
BKMB.OM,marketscreener,rating_split,"{""consensus"": ""BUY""}",,,,3773.8,2026-05-12T09:37:30.771746+00:00,marketscreener/BKMB_OM/rating_split_20260512T093734.json
BKMB.OM,macro,current_price,,,,not_implemented,0.0,2026-05-12T09:37:34.545691+00:00,
BKMB.OM,macro,historical_prices,,,,not_implemented,0.0,2026-05-12T09:37:34.545745+00:00,
BKMB.OM,macro,market_cap,,,,not_implemented,0.0,2026-05-12T09:37:34.545791+00:00,
BKMB.OM,macro,company_profile,"{""country_iso3"": ""OMN"", ""gdp_growth_pct"": 1.63163221127449, ""inflation_pct"": 0.593589236248469, ""population"": 5281538, ""fx_lcu_per_usd"": 0.3845, ""macro_year"": ""2024""}",macro,2024,,855.1,2026-05-12T09:37:34.545834+00:00,macro/BKMB_OM/company_profile_20260512T093735.json
BKMB.OM,macro,income_statement_annual,,,,not_implemented,0.0,2026-05-12T09:37:35.401621+00:00,
BKMB.OM,macro,income_statement_quarterly,,,,not_implemented,0.0,2026-05-12T09:37:35.402106+00:00,
BKMB.OM,macro,balance_sheet,,,,not_implemented,0.0,2026-05-12T09:37:35.402454+00:00,
BKMB.OM,macro,cash_flow,,,,not_implemented,0.0,2026-05-12T09:37:35.402750+00:00,
BKMB.OM,macro,valuation_historical,,,,not_implemented,0.0,2026-05-12T09:37:35.403006+00:00,
BKMB.OM,macro,dividend_yield,,,,not_implemented,0.0,2026-05-12T09:37:35.403236+00:00,
BKMB.OM,macro,valuation_forward,,,,not_implemented,0.0,2026-05-12T09:37:35.403468+00:00,
BKMB.OM,macro,target_price,,,,not_implemented,0.0,2026-05-12T09:37:35.403688+00:00,
BKMB.OM,macro,rating_split,,,,not_implemented,0.0,2026-05-12T09:37:35.403885+00:00,
OQEP.OM,yahoo,current_price,,,,ValueError: no price in info,926.4,2026-05-12T09:37:35.404096+00:00,
OQEP.OM,yahoo,historical_prices,,,,ValueError: no historical bars,787.2,2026-05-12T09:37:36.331047+00:00,
OQEP.OM,yahoo,market_cap,,,,ValueError: no marketCap,1.3,2026-05-12T09:37:37.119226+00:00,
OQEP.OM,yahoo,company_profile,,,,ValueError: info empty — Yahoo has no profile for this ticker,0.7,2026-05-12T09:37:37.121037+00:00,
OQEP.OM,yahoo,income_statement_annual,,,,ValueError: no annual income statement,231.5,2026-05-12T09:37:37.122278+00:00,
OQEP.OM,yahoo,income_statement_quarterly,,,,ValueError: no quarterly income statement,246.7,2026-05-12T09:37:37.354592+00:00,
OQEP.OM,yahoo,balance_sheet,,,,ValueError: no balance sheet,326.5,2026-05-12T09:37:37.602060+00:00,
OQEP.OM,yahoo,cash_flow,,,,ValueError: no cash flow,316.0,2026-05-12T09:37:37.930010+00:00,
OQEP.OM,yahoo,valuation_historical,,,,ValueError: no valuation ratios in info,0.6,2026-05-12T09:37:38.246701+00:00,
OQEP.OM,yahoo,dividend_yield,,,,ValueError: no dividend yield,0.3,2026-05-12T09:37:38.247586+00:00,
OQEP.OM,yahoo,valuation_forward,,,,ValueError: no forward valuation fields,0.3,2026-05-12T09:37:38.248064+00:00,
OQEP.OM,yahoo,target_price,,,,ValueError: no targetMeanPrice,0.2,2026-05-12T09:37:38.248438+00:00,
OQEP.OM,yahoo,rating_split,,,,ValueError: no recommendationKey,0.2,2026-05-12T09:37:38.248782+00:00,
OQEP.OM,marketscreener,current_price,0.503,OMR,,,637.5,2026-05-12T09:37:38.249113+00:00,marketscreener/OQEP_OM/current_price_20260512T093738.json
OQEP.OM,marketscreener,historical_prices,,,,not_implemented,0.0,2026-05-12T09:37:38.886656+00:00,
OQEP.OM,marketscreener,market_cap,4009.0,M,,,457.7,2026-05-12T09:37:38.886715+00:00,marketscreener/OQEP_OM/market_cap_20260512T093739.json
OQEP.OM,marketscreener,company_profile,"{""name"": ""OQ Exploration & Production"", ""sector"": ""Energy"", ""industry"": ""Oil & Gas Exploration"", ""country"": ""Oman"", ""currency"": ""OMR"", ""summary"": """"}",,,,685.9,2026-05-12T09:37:39.344536+00:00,marketscreener/OQEP_OM/company_profile_20260512T093740.json
OQEP.OM,marketscreener,income_statement_annual,"{""n_periods"": 5, ""periods"": [""FY2024"", ""FY2025"", ""FY2026"", ""FY2027"", ""FY2028""], ""metrics_present"": [""net_sales"", ""ebitda"", ""ebit"", ""ebt"", ""interest_paid"", ""net_income""]}",,FY2028,,1882.2,2026-05-12T09:37:40.030517+00:00,marketscreener/OQEP_OM/income_statement_annual_20260512T093741.json
OQEP.OM,marketscreener,income_statement_quarterly,"{""n_periods"": 6, ""periods"": [""2024Q4"", ""2025Q1"", ""2025Q2"", ""2025Q3"", ""2025Q4"", ""2026Q1""], ""metrics_present"": [""net_sales"", ""ebitda"", ""net_income""]}",,2026Q1,,1221.3,2026-05-12T09:37:41.912845+00:00,marketscreener/OQEP_OM/income_statement_quarterly_20260512T093743.json
OQEP.OM,marketscreener,balance_sheet,,,,not_implemented,0.0,2026-05-12T09:37:43.134260+00:00,
OQEP.OM,marketscreener,cash_flow,,,,not_implemented,0.0,2026-05-12T09:37:43.134319+00:00,
OQEP.OM,marketscreener,valuation_historical,"{""periods"": [""FY2024"", ""FY2025"", ""FY2026"", ""FY2027"", ""FY2028""], ""pe"": [8.43, 10.3, 10.7, 13.3, 13.1], ""pbr"": [2.96, 3.19, 4.08, 3.89, 3.61], ""ev_ebitda"": [4.93, 5.37, 4.44, 5.45, 5.4], ""yield_pct"": [6.41, null, 8.34, 5.73, 5.72]}",ratio,FY2028,,545.4,2026-05-12T09:37:43.134371+00:00,marketscreener/OQEP_OM/valuation_historical_20260512T093743.json
OQEP.OM,marketscreener,dividend_yield,5.72,%,,,940.9,2026-05-12T09:37:43.680283+00:00,marketscreener/OQEP_OM/dividend_yield_20260512T093744.json
OQEP.OM,marketscreener,valuation_forward,,,,ValueError: forward valuation fields all None,886.4,2026-05-12T09:37:44.621281+00:00,
OQEP.OM,marketscreener,target_price,"{""mean"": 0.5418, ""high"": 0.58, ""low"": 0.491, ""n_analysts"": 4}",OMR,,,1707.4,2026-05-12T09:37:45.507881+00:00,marketscreener/OQEP_OM/target_price_20260512T093747.json
OQEP.OM,marketscreener,rating_split,"{""consensus"": ""BUY""}",,,,359.5,2026-05-12T09:37:47.215412+00:00,marketscreener/OQEP_OM/rating_split_20260512T093747.json
OQEP.OM,macro,current_price,,,,not_implemented,0.0,2026-05-12T09:37:47.575014+00:00,
OQEP.OM,macro,historical_prices,,,,not_implemented,0.0,2026-05-12T09:37:47.575073+00:00,
OQEP.OM,macro,market_cap,,,,not_implemented,0.0,2026-05-12T09:37:47.575124+00:00,
OQEP.OM,macro,company_profile,"{""country_iso3"": ""OMN"", ""gdp_growth_pct"": 1.63163221127449, ""inflation_pct"": 0.593589236248469, ""population"": 5281538, ""fx_lcu_per_usd"": 0.3845, ""macro_year"": ""2024""}",macro,2024,,1.3,2026-05-12T09:37:47.575173+00:00,macro/OQEP_OM/company_profile_20260512T093747.json
OQEP.OM,macro,income_statement_annual,,,,not_implemented,0.0,2026-05-12T09:37:47.576612+00:00,
OQEP.OM,macro,income_statement_quarterly,,,,not_implemented,0.0,2026-05-12T09:37:47.576674+00:00,
OQEP.OM,macro,balance_sheet,,,,not_implemented,0.0,2026-05-12T09:37:47.576721+00:00,
OQEP.OM,macro,cash_flow,,,,not_implemented,0.0,2026-05-12T09:37:47.576763+00:00,
OQEP.OM,macro,valuation_historical,,,,not_implemented,0.0,2026-05-12T09:37:47.576802+00:00,
OQEP.OM,macro,dividend_yield,,,,not_implemented,0.0,2026-05-12T09:37:47.576841+00:00,
OQEP.OM,macro,valuation_forward,,,,not_implemented,0.0,2026-05-12T09:37:47.576880+00:00,
OQEP.OM,macro,target_price,,,,not_implemented,0.0,2026-05-12T09:37:47.576918+00:00,
OQEP.OM,macro,rating_split,,,,not_implemented,0.0,2026-05-12T09:37:47.576955+00:00,
JINDALSTEL.NS,yahoo,current_price,1212.1,INR,,,344.5,2026-05-12T09:37:47.576994+00:00,yahoo/JINDALSTEL_NS/current_price_20260512T093747.json
JINDALSTEL.NS,yahoo,historical_prices,"{""n_bars"": 250, ""first"": ""2025-05-12"", ""last"": ""2026-05-12""}",INR,2026-05-12,,122.8,2026-05-12T09:37:47.922615+00:00,yahoo/JINDALSTEL_NS/historical_prices_20260512T093748.json
JINDALSTEL.NS,yahoo,market_cap,1233297342464.0,INR,,,0.3,2026-05-12T09:37:48.045643+00:00,yahoo/JINDALSTEL_NS/market_cap_20260512T093748.json
JINDALSTEL.NS,yahoo,company_profile,"{""name"": ""JINDAL STEEL LIMITED"", ""sector"": ""Basic Materials"", ""industry"": ""Steel"", ""country"": ""India"", ""currency"": ""INR"", ""summary"": ""Jindal Steel Limited operates in the steel, mining, and infrastructure sectors in India and internationally. It offers rails; medium and heavy hot-rolled parallel flange beams and column sections; plates and coils; angles and channels; cold heading quality, electrode quality, and high carbon wire rods; round bars; fabricated sections; Jindal Speedfloor concrete flooring solutions; Jindal Panther TMT rebars; semi-finished products, including slabs, billets, blooms, beam blank, and rounds; and Jin"", ""website"": ""https://www.jindalsteel.in""}",,,,0.3,2026-05-12T09:37:48.046085+00:00,yahoo/JINDALSTEL_NS/company_profile_20260512T093748.json
JINDALSTEL.NS,yahoo,income_statement_annual,"{""n_periods"": 5, ""fields_present"": [""Tax Provision"", ""period_end"", ""Net Income From Continuing And Discontinued Operation"", ""Interest Income Non Operating"", ""Interest Income"", ""Write Off"", ""Total Other Finance Cost"", ""Total Expenses"", ""Interest Expense"", ""Basic EPS""]}",INR,2026-03-31 00:00:00,,371.6,2026-05-12T09:37:48.046479+00:00,yahoo/JINDALSTEL_NS/income_statement_annual_20260512T093748.json
JINDALSTEL.NS,yahoo,income_statement_quarterly,"{""n_periods"": 5, ""fields_present"": [""Tax Provision"", ""period_end"", ""Net Income From Continuing And Discontinued Operation"", ""Total Expenses"", ""Interest Expense"", ""Basic EPS"", ""Net Interest Income"", ""Special Income Charges"", ""EBITDA"", ""Gross Profit""]}",INR,2026-03-31 00:00:00,,361.3,2026-05-12T09:37:48.418996+00:00,yahoo/JINDALSTEL_NS/income_statement_quarterly_20260512T093748.json
JINDALSTEL.NS,yahoo,balance_sheet,"{""n_periods"": 5, ""fields_present"": [""Current Deferred Taxes Liabilities"", ""Total Equity Gross Minority Interest"", ""Assets Held For Sale Current"", ""Other Receivables"", ""Other Payable"", ""Prepaid Assets"", ""Finished Goods"", ""Total Tax Payable"", ""Allowance For Doubtful Accounts Receivable"", ""Other Short Term Investments""]}",INR,2026-03-31 00:00:00,,355.9,2026-05-12T09:37:48.780458+00:00,yahoo/JINDALSTEL_NS/balance_sheet_20260512T093749.json
JINDALSTEL.NS,yahoo,cash_flow,"{""n_periods"": 5, ""fields_present"": [""Operating Cash Flow"", ""Change In Other Current Liabilities"", ""period_end"", ""Net Income From Continuing Operations"", ""Changes In Cash"", ""Net Short Term Debt Issuance"", ""Taxes Refund Paid"", ""End Cash Position"", ""Common Stock Payments"", ""Cash Dividends Paid""]}",INR,2026-03-31 00:00:00,,406.5,2026-05-12T09:37:49.136456+00:00,yahoo/JINDALSTEL_NS/cash_flow_20260512T093749.json
JINDALSTEL.NS,yahoo,valuation_historical,"{""trailing_pe"": 36.575134, ""forward_pe"": 12.650953, ""price_to_book"": 2.482616, ""ev_to_ebitda"": 14.766, ""ev_to_revenue"": 2.68}",ratio,,,0.3,2026-05-12T09:37:49.543100+00:00,yahoo/JINDALSTEL_NS/valuation_historical_20260512T093749.json
JINDALSTEL.NS,yahoo,dividend_yield,16.0,%,,,0.3,2026-05-12T09:37:49.543511+00:00,yahoo/JINDALSTEL_NS/dividend_yield_20260512T093749.json
JINDALSTEL.NS,yahoo,valuation_forward,"{""forward_pe"": 12.650953, ""forward_eps"": 95.81096, ""price_to_sales"": 2.3171427}",ratio,,,0.2,2026-05-12T09:37:49.543835+00:00,yahoo/JINDALSTEL_NS/valuation_forward_20260512T093749.json
JINDALSTEL.NS,yahoo,target_price,"{""mean"": 1277.5483, ""median"": 1318.0, ""high"": 1430.0, ""low"": 595.0, ""n_analysts"": 31}",INR,,,0.2,2026-05-12T09:37:49.544151+00:00,yahoo/JINDALSTEL_NS/target_price_20260512T093749.json
JINDALSTEL.NS,yahoo,rating_split,"{""consensus"": ""buy"", ""n_analysts"": 31}",,,,0.2,2026-05-12T09:37:49.544457+00:00,yahoo/JINDALSTEL_NS/rating_split_20260512T093749.json
JINDALSTEL.NS,marketscreener,current_price,1232.0,INR,,,496.5,2026-05-12T09:37:49.544759+00:00,marketscreener/JINDALSTEL_NS/current_price_20260512T093750.json
JINDALSTEL.NS,marketscreener,historical_prices,,,,not_implemented,0.0,2026-05-12T09:37:50.041309+00:00,
JINDALSTEL.NS,marketscreener,market_cap,1256749.0,M,,,670.0,2026-05-12T09:37:50.041361+00:00,marketscreener/JINDALSTEL_NS/market_cap_20260512T093750.json
JINDALSTEL.NS,marketscreener,company_profile,"{""name"": ""Jindal Steel & Power Limited"", ""sector"": ""Materials"", ""industry"": ""Steel"", ""country"": ""India"", ""currency"": ""INR"", ""summary"": """"}",,,,426.9,2026-05-12T09:37:50.711478+00:00,marketscreener/JINDALSTEL_NS/company_profile_20260512T093751.json
JINDALSTEL.NS,marketscreener,income_statement_annual,"{""n_periods"": 8, ""periods"": [""FY2021"", ""FY2022"", ""FY2023"", ""FY2024"", ""FY2025"", ""FY2026"", ""FY2027"", ""FY2028""], ""metrics_present"": [""net_sales"", ""ebitda"", ""ebit"", ""ebt"", ""interest_paid"", ""net_income""]}",,FY2028,,670.6,2026-05-12T09:37:51.138436+00:00,marketscreener/JINDALSTEL_NS/income_statement_annual_20260512T093751.json
JINDALSTEL.NS,marketscreener,income_statement_quarterly,"{""n_periods"": 25, ""periods"": [""2025Q4"", ""2026Q1"", ""2026Q2"", ""2026Q3"", ""2026Q4"", ""2027Q1"", ""2027Q2"", ""2027Q3""], ""metrics_present"": [""net_sales"", ""ebitda"", ""ebit"", ""net_income""]}",,2027Q3,,724.1,2026-05-12T09:37:51.809103+00:00,marketscreener/JINDALSTEL_NS/income_statement_quarterly_20260512T093752.json
JINDALSTEL.NS,marketscreener,balance_sheet,,,,not_implemented,0.0,2026-05-12T09:37:52.534061+00:00,
JINDALSTEL.NS,marketscreener,cash_flow,,,,not_implemented,0.0,2026-05-12T09:37:52.534226+00:00,
JINDALSTEL.NS,marketscreener,valuation_historical,"{""periods"": [""FY2021"", ""FY2022"", ""FY2023"", ""FY2024"", ""FY2025"", ""FY2026"", ""FY2027"", ""FY2028""], ""pe"": [9.64, 9.45, 14.0, 14.4, 32.8, 33.6, 17.8, 12.6], ""pbr"": [1.1, 1.51, 1.42, 1.92, 1.96, 2.23, 2.17, 1.87], ""ev_ebitda"": [4.03, 4.12, 6.23, 9.59, 11.1, 13.4, 9.87, 7.49], ""yield_pct"": [null, 0.56, 0.37, 0.24, 0.22, 0.18, 0.21, 0.25]}",ratio,FY2028,,336.7,2026-05-12T09:37:52.534296+00:00,marketscreener/JINDALSTEL_NS/valuation_historical_20260512T093752.json
JINDALSTEL.NS,marketscreener,dividend_yield,,,,ValueError: no yield_pct populated,845.3,2026-05-12T09:37:52.871130+00:00,
JINDALSTEL.NS,marketscreener,valuation_forward,,,,ValueError: forward valuation fields all None,722.9,2026-05-12T09:37:53.716495+00:00,
JINDALSTEL.NS,marketscreener,target_price,,,,ValueError: no average_target_price in consensus,578.4,2026-05-12T09:37:54.439509+00:00,
JINDALSTEL.NS,marketscreener,rating_split,,,,ValueError: no consensus_rating or rating_details,732.9,2026-05-12T09:37:55.018085+00:00,
JINDALSTEL.NS,macro,current_price,,,,not_implemented,0.0,2026-05-12T09:37:55.751053+00:00,
JINDALSTEL.NS,macro,historical_prices,,,,not_implemented,0.0,2026-05-12T09:37:55.751108+00:00,
JINDALSTEL.NS,macro,market_cap,,,,not_implemented,0.0,2026-05-12T09:37:55.751154+00:00,
JINDALSTEL.NS,macro,company_profile,"{""country_iso3"": ""IND"", ""gdp_growth_pct"": 6.49476552383821, ""inflation_pct"": null, ""population"": 1450935791, ""fx_lcu_per_usd"": 83.669281580941, ""macro_year"": ""2024""}",macro,2024,,16336.9,2026-05-12T09:37:55.751197+00:00,macro/JINDALSTEL_NS/company_profile_20260512T093812.json
JINDALSTEL.NS,macro,income_statement_annual,,,,not_implemented,0.0,2026-05-12T09:38:12.089588+00:00,
JINDALSTEL.NS,macro,income_statement_quarterly,,,,not_implemented,0.0,2026-05-12T09:38:12.089942+00:00,
JINDALSTEL.NS,macro,balance_sheet,,,,not_implemented,0.0,2026-05-12T09:38:12.090218+00:00,
JINDALSTEL.NS,macro,cash_flow,,,,not_implemented,0.0,2026-05-12T09:38:12.090460+00:00,
JINDALSTEL.NS,macro,valuation_historical,,,,not_implemented,0.0,2026-05-12T09:38:12.090687+00:00,
JINDALSTEL.NS,macro,dividend_yield,,,,not_implemented,0.0,2026-05-12T09:38:12.090901+00:00,
JINDALSTEL.NS,macro,valuation_forward,,,,not_implemented,0.0,2026-05-12T09:38:12.091170+00:00,
JINDALSTEL.NS,macro,target_price,,,,not_implemented,0.0,2026-05-12T09:38:12.091389+00:00,
JINDALSTEL.NS,macro,rating_split,,,,not_implemented,0.0,2026-05-12T09:38:12.091598+00:00,
ICICIBANK.BO,yahoo,current_price,1245.4,INR,,,382.5,2026-05-12T09:38:12.091862+00:00,yahoo/ICICIBANK_BO/current_price_20260512T093812.json
ICICIBANK.BO,yahoo,historical_prices,"{""n_bars"": 248, ""first"": ""2025-05-12"", ""last"": ""2026-05-12""}",INR,2026-05-12,,156.0,2026-05-12T09:38:12.474928+00:00,yahoo/ICICIBANK_BO/historical_prices_20260512T093812.json
ICICIBANK.BO,yahoo,market_cap,8909370687488.0,INR,,,0.4,2026-05-12T09:38:12.631175+00:00,yahoo/ICICIBANK_BO/market_cap_20260512T093812.json
ICICIBANK.BO,yahoo,company_profile,"{""name"": ""ICICI BANK LTD."", ""sector"": ""Financial Services"", ""industry"": ""Banks - Regional"", ""country"": ""India"", ""currency"": ""INR"", ""summary"": ""ICICI Bank Limited, together with its subsidiaries, engages in the provision of various banking and financial services to retail and corporate customers in India and internationally. The company operates through Retail Banking, Wholesale Banking, Treasury, Other Banking, Life Insurance, General Insurance, and Others segments. It offers savings, salary, pension, current, trade, escrow, foreign currency, and vostro accounts, as well as time, fixed, recurring, and security deposits. The company als"", ""website"": ""https://www.icici.bank.in""}",,,,0.3,2026-05-12T09:38:12.631656+00:00,yahoo/ICICIBANK_BO/company_profile_20260512T093812.json
ICICIBANK.BO,yahoo,income_statement_annual,"{""n_periods"": 5, ""fields_present"": [""Tax Provision"", ""period_end"", ""Net Income From Continuing And Discontinued Operation"", ""Interest Income"", ""Interest Expense"", ""Basic EPS"", ""Rent And Landing Fees"", ""Net Interest Income"", ""Special Income Charges"", ""Gain On Sale Of Security""]}",INR,2026-03-31 00:00:00,,257.5,2026-05-12T09:38:12.632158+00:00,yahoo/ICICIBANK_BO/income_statement_annual_20260512T093812.json
ICICIBANK.BO,yahoo,income_statement_quarterly,"{""n_periods"": 7, ""fields_present"": [""Tax Provision"", ""period_end"", ""Net Income From Continuing And Discontinued Operation"", ""Interest Income"", ""Interest Expense"", ""Basic EPS"", ""Net Interest Income"", ""Special Income Charges"", ""Tax Effect Of Unusual Items"", ""Diluted Average Shares""]}",INR,2026-03-31 00:00:00,,236.9,2026-05-12T09:38:12.889789+00:00,yahoo/ICICIBANK_BO/income_statement_quarterly_20260512T093813.json
ICICIBANK.BO,yahoo,balance_sheet,"{""n_periods"": 5, ""fields_present"": [""Cash Equivalents"", ""Long Term Provisions"", ""period_end"", ""Accounts Receivable"", ""Total Equity Gross Minority Interest"", ""Commercial Paper"", ""Common Stock Equity"", ""Goodwill"", ""Accumulated Depreciation"", ""Gross PPE""]}",INR,2026-03-31 00:00:00,,299.0,2026-05-12T09:38:13.127509+00:00,yahoo/ICICIBANK_BO/balance_sheet_20260512T093813.json
ICICIBANK.BO,yahoo,cash_flow,"{""n_periods"": 5, ""fields_present"": [""Operating Cash Flow"", ""Change In Other Current Liabilities"", ""period_end"", ""Net Income From Continuing Operations"", ""Changes In Cash"", ""Net Short Term Debt Issuance"", ""Cash Flow From Continuing Operating Activities"", ""End Cash Position"", ""Taxes Refund Paid"", ""Operating Gains Losses""]}",INR,2026-03-31 00:00:00,,280.2,2026-05-12T09:38:13.426639+00:00,yahoo/ICICIBANK_BO/cash_flow_20260512T093813.json
ICICIBANK.BO,yahoo,valuation_historical,"{""trailing_pe"": 17.002048, ""forward_pe"": 15.682178, ""price_to_book"": 2.5539544, ""ev_to_ebitda"": null, ""ev_to_revenue"": 5.463}",ratio,,,0.4,2026-05-12T09:38:13.706995+00:00,yahoo/ICICIBANK_BO/valuation_historical_20260512T093813.json
ICICIBANK.BO,yahoo,dividend_yield,78.0,%,,,0.3,2026-05-12T09:38:13.707473+00:00,yahoo/ICICIBANK_BO/dividend_yield_20260512T093813.json
ICICIBANK.BO,yahoo,valuation_forward,"{""forward_pe"": 15.682178, ""forward_eps"": 79.41499, ""price_to_sales"": 4.6289597}",ratio,,,0.3,2026-05-12T09:38:13.707853+00:00,yahoo/ICICIBANK_BO/valuation_forward_20260512T093813.json
ICICIBANK.BO,yahoo,target_price,"{""mean"": 1703.625, ""median"": 1714.0, ""high"": 1990.0, ""low"": 1540.0, ""n_analysts"": 40}",INR,,,0.3,2026-05-12T09:38:13.708254+00:00,yahoo/ICICIBANK_BO/target_price_20260512T093813.json
ICICIBANK.BO,yahoo,rating_split,"{""consensus"": ""strong_buy"", ""n_analysts"": 40}",,,,0.3,2026-05-12T09:38:13.708635+00:00,yahoo/ICICIBANK_BO/rating_split_20260512T093813.json
ICICIBANK.BO,marketscreener,current_price,,,,RuntimeError: slug_not_resolved,5564.0,2026-05-12T09:38:13.709003+00:00,
ICICIBANK.BO,marketscreener,historical_prices,,,,not_implemented,0.0,2026-05-12T09:38:19.273201+00:00,
ICICIBANK.BO,marketscreener,market_cap,,,,RuntimeError: slug_not_resolved,0.0,2026-05-12T09:38:19.273277+00:00,
ICICIBANK.BO,marketscreener,company_profile,,,,RuntimeError: slug_not_resolved,0.0,2026-05-12T09:38:19.273337+00:00,
ICICIBANK.BO,marketscreener,income_statement_annual,,,,RuntimeError: slug_not_resolved,0.0,2026-05-12T09:38:19.273390+00:00,
ICICIBANK.BO,marketscreener,income_statement_quarterly,,,,RuntimeError: slug_not_resolved,0.0,2026-05-12T09:38:19.273437+00:00,
ICICIBANK.BO,marketscreener,balance_sheet,,,,not_implemented,0.0,2026-05-12T09:38:19.273486+00:00,
ICICIBANK.BO,marketscreener,cash_flow,,,,not_implemented,0.0,2026-05-12T09:38:19.273536+00:00,
ICICIBANK.BO,marketscreener,valuation_historical,,,,RuntimeError: slug_not_resolved,0.0,2026-05-12T09:38:19.273581+00:00,
ICICIBANK.BO,marketscreener,dividend_yield,,,,RuntimeError: slug_not_resolved,0.0,2026-05-12T09:38:19.273647+00:00,
ICICIBANK.BO,marketscreener,valuation_forward,,,,RuntimeError: slug_not_resolved,0.0,2026-05-12T09:38:19.273744+00:00,
ICICIBANK.BO,marketscreener,target_price,,,,RuntimeError: slug_not_resolved,0.0,2026-05-12T09:38:19.273818+00:00,
ICICIBANK.BO,marketscreener,rating_split,,,,RuntimeError: slug_not_resolved,0.0,2026-05-12T09:38:19.273883+00:00,
ICICIBANK.BO,macro,current_price,,,,not_implemented,0.0,2026-05-12T09:38:19.273936+00:00,
ICICIBANK.BO,macro,historical_prices,,,,not_implemented,0.0,2026-05-12T09:38:19.273985+00:00,
ICICIBANK.BO,macro,market_cap,,,,not_implemented,0.0,2026-05-12T09:38:19.274034+00:00,
ICICIBANK.BO,macro,company_profile,"{""country_iso3"": ""IND"", ""gdp_growth_pct"": 6.49476552383821, ""inflation_pct"": null, ""population"": 1450935791, ""fx_lcu_per_usd"": 83.669281580941, ""macro_year"": ""2024""}",macro,2024,,0.9,2026-05-12T09:38:19.274081+00:00,macro/ICICIBANK_BO/company_profile_20260512T093819.json
ICICIBANK.BO,macro,income_statement_annual,,,,not_implemented,0.0,2026-05-12T09:38:19.275111+00:00,
ICICIBANK.BO,macro,income_statement_quarterly,,,,not_implemented,0.0,2026-05-12T09:38:19.275195+00:00,
ICICIBANK.BO,macro,balance_sheet,,,,not_implemented,0.0,2026-05-12T09:38:19.275300+00:00,
ICICIBANK.BO,macro,cash_flow,,,,not_implemented,0.0,2026-05-12T09:38:19.275384+00:00,
ICICIBANK.BO,macro,valuation_historical,,,,not_implemented,0.0,2026-05-12T09:38:19.275450+00:00,
ICICIBANK.BO,macro,dividend_yield,,,,not_implemented,0.0,2026-05-12T09:38:19.275529+00:00,
ICICIBANK.BO,macro,valuation_forward,,,,not_implemented,0.0,2026-05-12T09:38:19.275583+00:00,
ICICIBANK.BO,macro,target_price,,,,not_implemented,0.0,2026-05-12T09:38:19.275648+00:00,
ICICIBANK.BO,macro,rating_split,,,,not_implemented,0.0,2026-05-12T09:38:19.275697+00:00,
0700.HK,yahoo,current_price,457.2,HKD,,,733.7,2026-05-12T09:38:19.275746+00:00,yahoo/0700_HK/current_price_20260512T093820.json
0700.HK,yahoo,historical_prices,"{""n_bars"": 248, ""first"": ""2025-05-12"", ""last"": ""2026-05-12""}",HKD,2026-05-12,,297.4,2026-05-12T09:38:20.010196+00:00,yahoo/0700_HK/historical_prices_20260512T093820.json
0700.HK,yahoo,market_cap,4131670458368.0,HKD,,,0.4,2026-05-12T09:38:20.307797+00:00,yahoo/0700_HK/market_cap_20260512T093820.json
0700.HK,yahoo,company_profile,"{""name"": ""TENCENT"", ""sector"": ""Communication Services"", ""industry"": ""Internet Content & Information"", ""country"": ""China"", ""currency"": ""HKD"", ""summary"": ""Tencent Holdings Limited, an investment holding company, provides value-added services, marketing services, fintech, and business services in Mainland China and internationally. The company's consumers business includes communications and social services, such as instant messaging and social networks; digital content, including online games, videos, live streaming, news, music, and literature; fintech services, which include mobile payment, wealth management, consumer loans, and securities tradi"", ""website"": ""https://www.tencent.com""}",,,,0.3,2026-05-12T09:38:20.308266+00:00,yahoo/0700_HK/company_profile_20260512T093820.json
0700.HK,yahoo,income_statement_annual,"{""n_periods"": 5, ""fields_present"": [""Tax Provision"", ""period_end"", ""Net Income From Continuing And Discontinued Operation"", ""Interest Income Non Operating"", ""Interest Income"", ""Write Off"", ""Total Expenses"", ""Interest Expense"", ""Restructuring And Mergern Acquisition"", ""Basic EPS""]}",CNY,2025-12-31 00:00:00,,392.7,2026-05-12T09:38:20.308711+00:00,yahoo/0700_HK/income_statement_annual_20260512T093820.json
0700.HK,yahoo,income_statement_quarterly,"{""n_periods"": 5, ""fields_present"": [""Tax Provision"", ""period_end"", ""Net Income From Continuing And Discontinued Operation"", ""Interest Income Non Operating"", ""Interest Income"", ""Write Off"", ""Total Expenses"", ""Interest Expense"", ""Basic EPS"", ""Net Interest Income""]}",CNY,2025-12-31 00:00:00,,277.8,2026-05-12T09:38:20.701528+00:00,yahoo/0700_HK/income_statement_quarterly_20260512T093820.json
0700.HK,yahoo,balance_sheet,"{""n_periods"": 5, ""fields_present"": [""Total Equity Gross Minority Interest"", ""Other Receivables"", ""Other Payable"", ""Prepaid Assets"", ""Total Tax Payable"", ""Allowance For Doubtful Accounts Receivable"", ""Other Short Term Investments"", ""Construction In Progress"", ""Additional Paid In Capital"", ""Total Non Current Liabilities Net Minority Interest""]}",CNY,2025-12-31 00:00:00,,753.3,2026-05-12T09:38:20.979595+00:00,yahoo/0700_HK/balance_sheet_20260512T093821.json
0700.HK,yahoo,cash_flow,"{""n_periods"": 4, ""fields_present"": [""Operating Cash Flow"", ""Net Income From Continuing Operations"", ""period_end"", ""Change In Prepaid Assets"", ""Changes In Cash"", ""Net Short Term Debt Issuance"", ""Taxes Refund Paid"", ""End Cash Position"", ""Common Stock Payments"", ""Cash Dividends Paid""]}",CNY,2025-12-31 00:00:00,,321.1,2026-05-12T09:38:21.733085+00:00,yahoo/0700_HK/cash_flow_20260512T093822.json
0700.HK,yahoo,valuation_historical,"{""trailing_pe"": 16.434221, ""forward_pe"": 11.715156, ""price_to_book"": 3.1108203, ""ev_to_ebitda"": 15.602, ""ev_to_revenue"": 5.674}",ratio,,,0.3,2026-05-12T09:38:22.054275+00:00,yahoo/0700_HK/valuation_historical_20260512T093822.json
0700.HK,yahoo,dividend_yield,114.0,%,,,0.3,2026-05-12T09:38:22.054727+00:00,yahoo/0700_HK/dividend_yield_20260512T093822.json
0700.HK,yahoo,valuation_forward,"{""forward_pe"": 11.715156, ""forward_eps"": 39.02637, ""price_to_sales"": 5.4959526}",ratio,,,0.3,2026-05-12T09:38:22.055105+00:00,yahoo/0700_HK/valuation_forward_20260512T093822.json
0700.HK,yahoo,target_price,"{""mean"": 725.22455, ""median"": 729.04614, ""high"": 890.0835, ""low"": 420.2074, ""n_analysts"": 42}",HKD,,,0.3,2026-05-12T09:38:22.055488+00:00,yahoo/0700_HK/target_price_20260512T093822.json
0700.HK,yahoo,rating_split,"{""consensus"": ""strong_buy"", ""n_analysts"": 42}",,,,0.3,2026-05-12T09:38:22.055846+00:00,yahoo/0700_HK/rating_split_20260512T093822.json
0700.HK,marketscreener,current_price,,,,RuntimeError: slug_not_resolved,4327.3,2026-05-12T09:38:22.056197+00:00,
0700.HK,marketscreener,historical_prices,,,,not_implemented,0.0,2026-05-12T09:38:26.383664+00:00,
0700.HK,marketscreener,market_cap,,,,RuntimeError: slug_not_resolved,0.0,2026-05-12T09:38:26.383724+00:00,
0700.HK,marketscreener,company_profile,,,,RuntimeError: slug_not_resolved,0.0,2026-05-12T09:38:26.383769+00:00,
0700.HK,marketscreener,income_statement_annual,,,,RuntimeError: slug_not_resolved,0.0,2026-05-12T09:38:26.383810+00:00,
0700.HK,marketscreener,income_statement_quarterly,,,,RuntimeError: slug_not_resolved,0.0,2026-05-12T09:38:26.383849+00:00,
0700.HK,marketscreener,balance_sheet,,,,not_implemented,0.0,2026-05-12T09:38:26.383887+00:00,
0700.HK,marketscreener,cash_flow,,,,not_implemented,0.0,2026-05-12T09:38:26.383925+00:00,
0700.HK,marketscreener,valuation_historical,,,,RuntimeError: slug_not_resolved,0.0,2026-05-12T09:38:26.383963+00:00,
0700.HK,marketscreener,dividend_yield,,,,RuntimeError: slug_not_resolved,0.0,2026-05-12T09:38:26.384001+00:00,
0700.HK,marketscreener,valuation_forward,,,,RuntimeError: slug_not_resolved,0.0,2026-05-12T09:38:26.384038+00:00,
0700.HK,marketscreener,target_price,,,,RuntimeError: slug_not_resolved,0.0,2026-05-12T09:38:26.384074+00:00,
0700.HK,marketscreener,rating_split,,,,RuntimeError: slug_not_resolved,0.0,2026-05-12T09:38:26.384110+00:00,
0700.HK,macro,current_price,,,,not_implemented,0.0,2026-05-12T09:38:26.384147+00:00,
0700.HK,macro,historical_prices,,,,not_implemented,0.0,2026-05-12T09:38:26.384183+00:00,
0700.HK,macro,market_cap,,,,not_implemented,0.0,2026-05-12T09:38:26.384218+00:00,
0700.HK,macro,company_profile,"{""country_iso3"": ""HKG"", ""gdp_growth_pct"": 2.50498758466826, ""inflation_pct"": 1.72972119105914, ""population"": 7524100, ""fx_lcu_per_usd"": 7.80383333333334, ""macro_year"": ""2024""}",macro,2024,,2676.2,2026-05-12T09:38:26.384254+00:00,macro/0700_HK/company_profile_20260512T093829.json
0700.HK,macro,income_statement_annual,,,,not_implemented,0.0,2026-05-12T09:38:29.060809+00:00,
0700.HK,macro,income_statement_quarterly,,,,not_implemented,0.0,2026-05-12T09:38:29.061046+00:00,
0700.HK,macro,balance_sheet,,,,not_implemented,0.0,2026-05-12T09:38:29.061170+00:00,
0700.HK,macro,cash_flow,,,,not_implemented,0.0,2026-05-12T09:38:29.061891+00:00,
0700.HK,macro,valuation_historical,,,,not_implemented,0.0,2026-05-12T09:38:29.062144+00:00,
0700.HK,macro,dividend_yield,,,,not_implemented,0.0,2026-05-12T09:38:29.062261+00:00,
0700.HK,macro,valuation_forward,,,,not_implemented,0.0,2026-05-12T09:38:29.062362+00:00,
0700.HK,macro,target_price,,,,not_implemented,0.0,2026-05-12T09:38:29.062577+00:00,
0700.HK,macro,rating_split,,,,not_implemented,0.0,2026-05-12T09:38:29.062754+00:00,
2899.HK,yahoo,current_price,38.44,HKD,,,1054.2,2026-05-12T09:38:29.062865+00:00,yahoo/2899_HK/current_price_20260512T093830.json
2899.HK,yahoo,historical_prices,"{""n_bars"": 248, ""first"": ""2025-05-12"", ""last"": ""2026-05-12""}",HKD,2026-05-12,,173.7,2026-05-12T09:38:30.117560+00:00,yahoo/2899_HK/historical_prices_20260512T093830.json
2899.HK,yahoo,market_cap,1022147035136.0,HKD,,,0.4,2026-05-12T09:38:30.291442+00:00,yahoo/2899_HK/market_cap_20260512T093830.json
2899.HK,yahoo,company_profile,"{""name"": ""ZIJIN MINING"", ""sector"": ""Basic Materials"", ""industry"": ""Gold"", ""country"": ""China"", ""currency"": ""HKD"", ""summary"": ""Zijin Mining Group Company Limited, together with its subsidiaries, engages in exploration and extraction of metals in Mainland China and internationally. The company offers copper, gold, zinc concentrate, lead concentrate, silver, lithium, iron concentrate, tungsten concentrate, and molybdenum concentrate; smelted copper, smelted and processed gold and silver, smelted zinc ingots, sulfuric acid, and battery -grade lithium carbonate; and copper pipes, copper plates and strips, potassium gold cya"", ""website"": ""https://www.zjky.cn""}",,,,0.3,2026-05-12T09:38:30.291896+00:00,yahoo/2899_HK/company_profile_20260512T093830.json
2899.HK,yahoo,income_statement_annual,"{""n_periods"": 4, ""fields_present"": [""Tax Provision"", ""period_end"", ""Net Income From Continuing And Discontinued Operation"", ""Interest Income Non Operating"", ""Interest Income"", ""Write Off"", ""Total Other Finance Cost"", ""Total Expenses"", ""Interest Expense"", ""Basic EPS""]}",CNY,2025-12-31 00:00:00,,251.2,2026-05-12T09:38:30.292267+00:00,yahoo/2899_HK/income_statement_annual_20260512T093830.json
2899.HK,yahoo,income_statement_quarterly,"{""n_periods"": 6, ""fields_present"": [""Tax Provision"", ""period_end"", ""Net Income From Continuing And Discontinued Operation"", ""Interest Income Non Operating"", ""Interest Income"", ""Write Off"", ""Total Other Finance Cost"", ""Total Expenses"", ""Interest Expense"", ""Basic EPS""]}",CNY,2026-03-31 00:00:00,,358.9,2026-05-12T09:38:30.543552+00:00,yahoo/2899_HK/income_statement_quarterly_20260512T093830.json
2899.HK,yahoo,balance_sheet,"{""n_periods"": 5, ""fields_present"": [""Total Equity Gross Minority Interest"", ""Assets Held For Sale Current"", ""Other Receivables"", ""Other Payable"", ""Prepaid Assets"", ""Finished Goods"", ""Total Tax Payable"", ""Allowance For Doubtful Accounts Receivable"", ""Other Short Term Investments"", ""Construction In Progress""]}",CNY,2025-12-31 00:00:00,,340.6,2026-05-12T09:38:30.902620+00:00,yahoo/2899_HK/balance_sheet_20260512T093831.json
2899.HK,yahoo,cash_flow,"{""n_periods"": 4, ""fields_present"": [""Operating Cash Flow"", ""Net Income From Continuing Operations"", ""period_end"", ""Taxes Refund Paid Direct"", ""Changes In Cash"", ""End Cash Position"", ""Receiptsfrom Customers"", ""Cash Dividends Paid"", ""Paymentson Behalfof Employees"", ""Other Cash Paymentsfrom Operating Activities""]}",CNY,2025-12-31 00:00:00,,325.7,2026-05-12T09:38:31.243386+00:00,yahoo/2899_HK/cash_flow_20260512T093831.json
2899.HK,yahoo,valuation_historical,"{""trailing_pe"": 14.727969, ""forward_pe"": 10.247204, ""price_to_book"": 4.4309325, ""ev_to_ebitda"": 10.559, ""ev_to_revenue"": 3.094}",ratio,,,0.4,2026-05-12T09:38:31.569243+00:00,yahoo/2899_HK/valuation_historical_20260512T093831.json
2899.HK,yahoo,dividend_yield,144.0,%,,,0.3,2026-05-12T09:38:31.569887+00:00,yahoo/2899_HK/dividend_yield_20260512T093831.json
2899.HK,yahoo,valuation_forward,"{""forward_pe"": 10.247204, ""forward_eps"": 3.751267, ""price_to_sales"": 2.7726882}",ratio,,,0.3,2026-05-12T09:38:31.570285+00:00,yahoo/2899_HK/valuation_forward_20260512T093831.json
2899.HK,yahoo,target_price,"{""mean"": 51.868828, ""median"": 52.449467, ""high"": 58.193993, ""low"": 43.7722, ""n_analysts"": 15}",HKD,,,0.3,2026-05-12T09:38:31.570654+00:00,yahoo/2899_HK/target_price_20260512T093831.json
2899.HK,yahoo,rating_split,"{""consensus"": ""strong_buy"", ""n_analysts"": 15}",,,,0.3,2026-05-12T09:38:31.571019+00:00,yahoo/2899_HK/rating_split_20260512T093831.json
2899.HK,marketscreener,current_price,,,,RuntimeError: slug_not_resolved,5017.3,2026-05-12T09:38:31.571373+00:00,
2899.HK,marketscreener,historical_prices,,,,not_implemented,0.0,2026-05-12T09:38:36.588932+00:00,
2899.HK,marketscreener,market_cap,,,,RuntimeError: slug_not_resolved,0.0,2026-05-12T09:38:36.589000+00:00,
2899.HK,marketscreener,company_profile,,,,RuntimeError: slug_not_resolved,0.0,2026-05-12T09:38:36.589055+00:00,
2899.HK,marketscreener,income_statement_annual,,,,RuntimeError: slug_not_resolved,0.0,2026-05-12T09:38:36.589107+00:00,
2899.HK,marketscreener,income_statement_quarterly,,,,RuntimeError: slug_not_resolved,0.0,2026-05-12T09:38:36.589156+00:00,
2899.HK,marketscreener,balance_sheet,,,,not_implemented,0.0,2026-05-12T09:38:36.589204+00:00,
2899.HK,marketscreener,cash_flow,,,,not_implemented,0.0,2026-05-12T09:38:36.589252+00:00,
2899.HK,marketscreener,valuation_historical,,,,RuntimeError: slug_not_resolved,0.0,2026-05-12T09:38:36.589300+00:00,
2899.HK,marketscreener,dividend_yield,,,,RuntimeError: slug_not_resolved,0.0,2026-05-12T09:38:36.589347+00:00,
2899.HK,marketscreener,valuation_forward,,,,RuntimeError: slug_not_resolved,0.0,2026-05-12T09:38:36.589394+00:00,
2899.HK,marketscreener,target_price,,,,RuntimeError: slug_not_resolved,0.0,2026-05-12T09:38:36.589441+00:00,
2899.HK,marketscreener,rating_split,,,,RuntimeError: slug_not_resolved,0.0,2026-05-12T09:38:36.589488+00:00,
2899.HK,macro,current_price,,,,not_implemented,0.0,2026-05-12T09:38:36.589536+00:00,
2899.HK,macro,historical_prices,,,,not_implemented,0.0,2026-05-12T09:38:36.589580+00:00,
2899.HK,macro,market_cap,,,,not_implemented,0.0,2026-05-12T09:38:36.589625+00:00,
2899.HK,macro,company_profile,"{""country_iso3"": ""HKG"", ""gdp_growth_pct"": 2.50498758466826, ""inflation_pct"": 1.72972119105914, ""population"": 7524100, ""fx_lcu_per_usd"": 7.80383333333334, ""macro_year"": ""2024""}",macro,2024,,0.9,2026-05-12T09:38:36.589668+00:00,macro/2899_HK/company_profile_20260512T093836.json
2899.HK,macro,income_statement_annual,,,,not_implemented,0.0,2026-05-12T09:38:36.590592+00:00,
2899.HK,macro,income_statement_quarterly,,,,not_implemented,0.0,2026-05-12T09:38:36.590644+00:00,
2899.HK,macro,balance_sheet,,,,not_implemented,0.0,2026-05-12T09:38:36.590708+00:00,
2899.HK,macro,cash_flow,,,,not_implemented,0.0,2026-05-12T09:38:36.590755+00:00,
2899.HK,macro,valuation_historical,,,,not_implemented,0.0,2026-05-12T09:38:36.590801+00:00,
2899.HK,macro,dividend_yield,,,,not_implemented,0.0,2026-05-12T09:38:36.590846+00:00,
2899.HK,macro,valuation_forward,,,,not_implemented,0.0,2026-05-12T09:38:36.590890+00:00,
2899.HK,macro,target_price,,,,not_implemented,0.0,2026-05-12T09:38:36.590936+00:00,
2899.HK,macro,rating_split,,,,not_implemented,0.0,2026-05-12T09:38:36.590980+00:00,
1398.HK,yahoo,current_price,7.05,HKD,,,637.3,2026-05-12T09:38:36.591031+00:00,yahoo/1398_HK/current_price_20260512T093837.json
1398.HK,yahoo,historical_prices,"{""n_bars"": 248, ""first"": ""2025-05-12"", ""last"": ""2026-05-12""}",HKD,2026-05-12,,278.2,2026-05-12T09:38:37.228900+00:00,yahoo/1398_HK/historical_prices_20260512T093837.json
1398.HK,yahoo,market_cap,2512664133632.0,HKD,,,0.3,2026-05-12T09:38:37.507272+00:00,yahoo/1398_HK/market_cap_20260512T093837.json
1398.HK,yahoo,company_profile,"{""name"": ""ICBC"", ""sector"": ""Financial Services"", ""industry"": ""Banks - Diversified"", ""country"": ""China"", ""currency"": ""HKD"", ""summary"": ""Industrial and Commercial Bank of China Limited, together with its subsidiaries, provides banking products and services in the People's Republic of China and internationally. It operates through Corporate Banking, Personal Banking, and Treasury Operations segments. The Corporate Banking segment offers corporate loans, trade financing, deposit-taking activities, corporate wealth management services, custody services, and various types of corporate intermediary services, as well as corporate loans"", ""website"": ""https://www.icbc-ltd.com""}",,,,0.3,2026-05-12T09:38:37.507718+00:00,yahoo/1398_HK/company_profile_20260512T093837.json
1398.HK,yahoo,income_statement_annual,"{""n_periods"": 4, ""fields_present"": [""Tax Provision"", ""period_end"", ""Net Income From Continuing And Discontinued Operation"", ""Interest Income"", ""Write Off"", ""Interest Expense"", ""Basic EPS"", ""Amortization"", ""Net Interest Income"", ""Special Income Charges""]}",CNY,2025-12-31 00:00:00,,306.1,2026-05-12T09:38:37.508087+00:00,yahoo/1398_HK/income_statement_annual_20260512T093837.json
1398.HK,yahoo,income_statement_quarterly,"{""n_periods"": 6, ""fields_present"": [""Tax Provision"", ""period_end"", ""Net Income From Continuing And Discontinued Operation"", ""Interest Income"", ""Write Off"", ""Interest Expense"", ""Basic EPS"", ""Net Interest Income"", ""Special Income Charges"", ""Gain On Sale Of Security""]}",CNY,2026-03-31 00:00:00,,793.4,2026-05-12T09:38:37.814365+00:00,yahoo/1398_HK/income_statement_quarterly_20260512T093838.json
1398.HK,yahoo,balance_sheet,"{""n_periods"": 4, ""fields_present"": [""Cash Equivalents"", ""period_end"", ""Preferred Stock Equity"", ""Total Equity Gross Minority Interest"", ""Common Stock Equity"", ""Machinery Furniture Equipment"", ""Accumulated Depreciation"", ""Trading Securities"", ""Gross PPE"", ""Other Payable""]}",CNY,2025-12-31 00:00:00,,1337.7,2026-05-12T09:38:38.607958+00:00,yahoo/1398_HK/balance_sheet_20260512T093839.json
1398.HK,yahoo,cash_flow,"{""n_periods"": 4, ""fields_present"": [""Operating Cash Flow"", ""Net Income From Continuing Operations"", ""period_end"", ""Changes In Cash"", ""End Cash Position"", ""Cash Dividends Paid"", ""Paymentson Behalfof Employees"", ""Other Cash Paymentsfrom Operating Activities"", ""Issuance Of Debt"", ""Effect Of Exchange Rate Changes""]}",CNY,2025-12-31 00:00:00,,933.2,2026-05-12T09:38:39.945852+00:00,yahoo/1398_HK/cash_flow_20260512T093840.json
1398.HK,yahoo,valuation_historical,"{""trailing_pe"": 6.0775867, ""forward_pe"": 5.685777, ""price_to_book"": 0.5536154, ""ev_to_ebitda"": null, ""ev_to_revenue"": 5.731}",ratio,,,0.3,2026-05-12T09:38:40.879209+00:00,yahoo/1398_HK/valuation_historical_20260512T093840.json
1398.HK,yahoo,dividend_yield,501.0,%,,,0.3,2026-05-12T09:38:40.879632+00:00,yahoo/1398_HK/dividend_yield_20260512T093840.json
1398.HK,yahoo,valuation_forward,"{""forward_pe"": 5.685777, ""forward_eps"": 1.2399361, ""price_to_sales"": 3.731371}",ratio,,,0.2,2026-05-12T09:38:40.879973+00:00,yahoo/1398_HK/valuation_forward_20260512T093840.json
1398.HK,yahoo,target_price,"{""mean"": 8.042786, ""median"": 8.118591, ""high"": 9.255517, ""low"": 5.258424, ""n_analysts"": 16}",HKD,,,0.2,2026-05-12T09:38:40.880304+00:00,yahoo/1398_HK/target_price_20260512T093840.json
1398.HK,yahoo,rating_split,"{""consensus"": ""strong_buy"", ""n_analysts"": 16}",,,,0.2,2026-05-12T09:38:40.880623+00:00,yahoo/1398_HK/rating_split_20260512T093840.json
1398.HK,marketscreener,current_price,,,,RuntimeError: slug_not_resolved,10556.2,2026-05-12T09:38:40.880933+00:00,
1398.HK,marketscreener,historical_prices,,,,not_implemented,0.0,2026-05-12T09:38:51.437540+00:00,
1398.HK,marketscreener,market_cap,,,,RuntimeError: slug_not_resolved,0.0,2026-05-12T09:38:51.437616+00:00,
1398.HK,marketscreener,company_profile,,,,RuntimeError: slug_not_resolved,0.0,2026-05-12T09:38:51.437669+00:00,
1398.HK,marketscreener,income_statement_annual,,,,RuntimeError: slug_not_resolved,0.0,2026-05-12T09:38:51.437772+00:00,
1398.HK,marketscreener,income_statement_quarterly,,,,RuntimeError: slug_not_resolved,0.0,2026-05-12T09:38:51.437815+00:00,
1398.HK,marketscreener,balance_sheet,,,,not_implemented,0.0,2026-05-12T09:38:51.437855+00:00,
1398.HK,marketscreener,cash_flow,,,,not_implemented,0.0,2026-05-12T09:38:51.437894+00:00,
1398.HK,marketscreener,valuation_historical,,,,RuntimeError: slug_not_resolved,0.0,2026-05-12T09:38:51.437931+00:00,
1398.HK,marketscreener,dividend_yield,,,,RuntimeError: slug_not_resolved,0.0,2026-05-12T09:38:51.437975+00:00,
1398.HK,marketscreener,valuation_forward,,,,RuntimeError: slug_not_resolved,0.0,2026-05-12T09:38:51.438010+00:00,
1398.HK,marketscreener,target_price,,,,RuntimeError: slug_not_resolved,0.0,2026-05-12T09:38:51.438044+00:00,
1398.HK,marketscreener,rating_split,,,,RuntimeError: slug_not_resolved,0.0,2026-05-12T09:38:51.438079+00:00,
1398.HK,macro,current_price,,,,not_implemented,0.0,2026-05-12T09:38:51.438118+00:00,
1398.HK,macro,historical_prices,,,,not_implemented,0.0,2026-05-12T09:38:51.438153+00:00,
1398.HK,macro,market_cap,,,,not_implemented,0.0,2026-05-12T09:38:51.438184+00:00,
1398.HK,macro,company_profile,"{""country_iso3"": ""HKG"", ""gdp_growth_pct"": 2.50498758466826, ""inflation_pct"": 1.72972119105914, ""population"": 7524100, ""fx_lcu_per_usd"": 7.80383333333334, ""macro_year"": ""2024""}",macro,2024,,1.1,2026-05-12T09:38:51.438217+00:00,macro/1398_HK/company_profile_20260512T093851.json
1398.HK,macro,income_statement_annual,,,,not_implemented,0.0,2026-05-12T09:38:51.439411+00:00,
1398.HK,macro,income_statement_quarterly,,,,not_implemented,0.0,2026-05-12T09:38:51.439460+00:00,
1398.HK,macro,balance_sheet,,,,not_implemented,0.0,2026-05-12T09:38:51.439504+00:00,
1398.HK,macro,cash_flow,,,,not_implemented,0.0,2026-05-12T09:38:51.439544+00:00,
1398.HK,macro,valuation_historical,,,,not_implemented,0.0,2026-05-12T09:38:51.439579+00:00,
1398.HK,macro,dividend_yield,,,,not_implemented,0.0,2026-05-12T09:38:51.439615+00:00,
1398.HK,macro,valuation_forward,,,,not_implemented,0.0,2026-05-12T09:38:51.439650+00:00,
1398.HK,macro,target_price,,,,not_implemented,0.0,2026-05-12T09:38:51.439684+00:00,
1398.HK,macro,rating_split,,,,not_implemented,0.0,2026-05-12T09:38:51.439715+00:00,
